event-id,visible,timestamp,location-long,location-lat,external-temperature,sensor-type,individual-taxon-canonical-name,tag-local-identifier,individual-local-identifier,study-name
9421366224,true,2009-08-12 21:30:00.000,31.81086,-24.72041,23,gps,Loxodonta africana,AM105,AM105,ThermochronTracking Elephants Kruger 2007
9421366223,true,2009-08-12 21:00:00.000,31.81211,-24.72042,23,gps,Loxodonta africana,AM105,AM105,ThermochronTracking Elephants Kruger 2007
9421366222,true,2009-08-12 20:30:00.000,31.81518,-24.72014,24,gps,Loxodonta africana,AM105,AM105,ThermochronTracking Elephants Kruger 2007
9421366221,true,2009-08-12 20:00:00.000,31.8156199999999,-24.71988,26,gps,Loxodonta africana,AM105,AM105,ThermochronTracking Elephants Kruger 2007
9421377020,true,2009-08-12 20:00:00.000,31.30975,-25.0018999999999,27,gps,Loxodonta africana,AM107,AM107,ThermochronTracking Elephants Kruger 2007
9421366220,true,2009-08-12 19:30:00.000,31.8157099999999,-24.71985,27,gps,Loxodonta africana,AM105,AM105,ThermochronTracking Elephants Kruger 2007
9421377019,true,2009-08-12 19:30:00.000,31.30824,-25.00259,28,gps,Loxodonta africana,AM107,AM107,ThermochronTracking Elephants Kruger 2007
9421366219,true,2009-08-12 19:00:00.000,31.8124499999999,-24.7208299999999,28,gps,Loxodonta africana,AM105,AM105,ThermochronTracking Elephants Kruger 2007
9421377018,true,2009-08-12 19:00:00.000,31.30527,-25.00366,29,gps,Loxodonta africana,AM107,AM107,ThermochronTracking Elephants Kruger 2007
9421366218,true,2009-08-12 18:30:00.000,31.81021,-24.72372,28,gps,Loxodonta africana,AM105,AM105,ThermochronTracking Elephants Kruger 2007
9421377017,true,2009-08-12 18:30:00.000,31.30171,-25.00523,30,gps,Loxodonta africana,AM107,AM107,ThermochronTracking Elephants Kruger 2007
9421377016,true,2009-08-12 18:01:00.000,31.30228,-25.00908,32,gps,Loxodonta africana,AM107,AM107,ThermochronTracking Elephants Kruger 2007
9421366217,true,2009-08-12 18:00:00.000,31.8087,-24.7250599999999,30,gps,Loxodonta africana,AM105,AM105,ThermochronTracking Elephants Kruger 2007
9421366216,true,2009-08-12 17:30:00.000,31.8078399999999,-24.7263799999999,30,gps,Loxodonta africana,AM105,AM105,ThermochronTracking Elephants Kruger 2007
9421377015,true,2009-08-12 17:30:00.000,31.30214,-25.0082899999999,34,gps,Loxodonta africana,AM107,AM107,ThermochronTracking Elephants Kruger 2007
9421366215,true,2009-08-12 17:00:00.000,31.80639,-24.7279599999999,31,gps,Loxodonta africana,AM105,AM105,ThermochronTracking Elephants Kruger 2007
9421377014,true,2009-08-12 17:00:00.000,31.3022199999999,-25.01473,35,gps,Loxodonta africana,AM107,AM107,ThermochronTracking Elephants Kruger 2007
9421366214,true,2009-08-12 16:30:00.000,31.80289,-24.73468,32,gps,Loxodonta africana,AM105,AM105,ThermochronTracking Elephants Kruger 2007
9421377013,true,2009-08-12 16:30:00.000,31.30232,-25.0158999999999,36,gps,Loxodonta africana,AM107,AM107,ThermochronTracking Elephants Kruger 2007
9421366213,true,2009-08-12 16:00:00.000,31.7962799999999,-24.7422,33,gps,Loxodonta africana,AM105,AM105,ThermochronTracking Elephants Kruger 2007
9421377012,true,2009-08-12 16:00:00.000,31.30346,-25.01577,37,gps,Loxodonta africana,AM107,AM107,ThermochronTracking Elephants Kruger 2007
9421366212,true,2009-08-12 15:30:00.000,31.79609,-24.74247,35,gps,Loxodonta africana,AM105,AM105,ThermochronTracking Elephants Kruger 2007
9421366211,true,2009-08-12 15:00:00.000,31.7955299999999,-24.74283,36,gps,Loxodonta africana,AM105,AM105,ThermochronTracking Elephants Kruger 2007
9421366210,true,2009-08-12 14:30:00.000,31.7943,-24.74313,37,gps,Loxodonta africana,AM105,AM105,ThermochronTracking Elephants Kruger 2007
9421377011,true,2009-08-12 14:30:00.000,31.3042599999999,-25.01921,34,gps,Loxodonta africana,AM107,AM107,ThermochronTracking Elephants Kruger 2007
9421366209,true,2009-08-12 14:00:00.000,31.79295,-24.74292,37,gps,Loxodonta africana,AM105,AM105,ThermochronTracking Elephants Kruger 2007
9421377010,true,2009-08-12 14:00:00.000,31.305,-25.0196599999999,37,gps,Loxodonta africana,AM107,AM107,ThermochronTracking Elephants Kruger 2007
9421366208,true,2009-08-12 13:30:00.000,31.79175,-24.74288,37,gps,Loxodonta africana,AM105,AM105,ThermochronTracking Elephants Kruger 2007
9421366207,true,2009-08-12 13:00:00.000,31.79128,-24.7418699999999,37,gps,Loxodonta africana,AM105,AM105,ThermochronTracking Elephants Kruger 2007
9421366206,true,2009-08-12 12:30:00.000,31.79233,-24.7414899999999,37,gps,Loxodonta africana,AM105,AM105,ThermochronTracking Elephants Kruger 2007
9421377009,true,2009-08-12 12:30:00.000,31.3089499999999,-25.0196499999999,35,gps,Loxodonta africana,AM107,AM107,ThermochronTracking Elephants Kruger 2007
9421366205,true,2009-08-12 12:01:00.000,31.7936699999999,-24.74155,37,gps,Loxodonta africana,AM105,AM105,ThermochronTracking Elephants Kruger 2007
9421377008,true,2009-08-12 12:01:00.000,31.3090599999999,-25.0198299999999,34,gps,Loxodonta africana,AM107,AM107,ThermochronTracking Elephants Kruger 2007
9421366204,true,2009-08-12 11:31:00.000,31.79465,-24.74189,37,gps,Loxodonta africana,AM105,AM105,ThermochronTracking Elephants Kruger 2007
9421366203,true,2009-08-12 11:00:00.000,31.7938599999999,-24.7407399999999,35,gps,Loxodonta africana,AM105,AM105,ThermochronTracking Elephants Kruger 2007
9421366202,true,2009-08-12 10:30:00.000,31.79397,-24.74151,34,gps,Loxodonta africana,AM105,AM105,ThermochronTracking Elephants Kruger 2007
9421366201,true,2009-08-12 10:00:00.000,31.79402,-24.74163,34,gps,Loxodonta africana,AM105,AM105,ThermochronTracking Elephants Kruger 2007
9421377007,true,2009-08-12 10:00:00.000,31.30767,-25.02371,27,gps,Loxodonta africana,AM107,AM107,ThermochronTracking Elephants Kruger 2007
9421377006,true,2009-08-12 09:32:00.000,31.30693,-25.02465,27,gps,Loxodonta africana,AM107,AM107,ThermochronTracking Elephants Kruger 2007
9421366200,true,2009-08-12 09:30:00.000,31.79397,-24.74175,34,gps,Loxodonta africana,AM105,AM105,ThermochronTracking Elephants Kruger 2007
9421377005,true,2009-08-12 09:01:00.000,31.3066,-25.0249899999999,26,gps,Loxodonta africana,AM107,AM107,ThermochronTracking Elephants Kruger 2007
9421366199,true,2009-08-12 09:00:00.000,31.79393,-24.74155,33,gps,Loxodonta africana,AM105,AM105,ThermochronTracking Elephants Kruger 2007
9421366198,true,2009-08-12 08:30:00.000,31.79372,-24.74175,31,gps,Loxodonta africana,AM105,AM105,ThermochronTracking Elephants Kruger 2007
9421377004,true,2009-08-12 08:30:00.000,31.3041799999999,-25.02709,23,gps,Loxodonta africana,AM107,AM107,ThermochronTracking Elephants Kruger 2007
9421366197,true,2009-08-12 08:00:00.000,31.7943399999999,-24.7415999999999,28,gps,Loxodonta africana,AM105,AM105,ThermochronTracking Elephants Kruger 2007
9421377003,true,2009-08-12 08:00:00.000,31.30452,-25.0261199999999,19,gps,Loxodonta africana,AM107,AM107,ThermochronTracking Elephants Kruger 2007
9421366196,true,2009-08-12 07:30:00.000,31.79501,-24.74156,26,gps,Loxodonta africana,AM105,AM105,ThermochronTracking Elephants Kruger 2007
9421377002,true,2009-08-12 07:30:00.000,31.3058799999999,-25.0243499999999,17,gps,Loxodonta africana,AM107,AM107,ThermochronTracking Elephants Kruger 2007
9421377001,true,2009-08-12 07:00:00.000,31.30564,-25.02324,16,gps,Loxodonta africana,AM107,AM107,ThermochronTracking Elephants Kruger 2007
9421377000,true,2009-08-12 06:30:00.000,31.30527,-25.02308,17,gps,Loxodonta africana,AM107,AM107,ThermochronTracking Elephants Kruger 2007
9421376999,true,2009-08-12 06:00:00.000,31.30387,-25.02352,17,gps,Loxodonta africana,AM107,AM107,ThermochronTracking Elephants Kruger 2007
9421376998,true,2009-08-12 05:30:00.000,31.30056,-25.0252799999999,18,gps,Loxodonta africana,AM107,AM107,ThermochronTracking Elephants Kruger 2007
9421376997,true,2009-08-12 05:01:00.000,31.30047,-25.0260099999999,17,gps,Loxodonta africana,AM107,AM107,ThermochronTracking Elephants Kruger 2007
9421366195,true,2009-08-12 04:00:00.000,31.80185,-24.7389,19,gps,Loxodonta africana,AM105,AM105,ThermochronTracking Elephants Kruger 2007
9421376996,true,2009-08-12 04:00:00.000,31.30074,-25.02619,16,gps,Loxodonta africana,AM107,AM107,ThermochronTracking Elephants Kruger 2007
9421366194,true,2009-08-12 03:30:00.000,31.80227,-24.7387,19,gps,Loxodonta africana,AM105,AM105,ThermochronTracking Elephants Kruger 2007
9421376995,true,2009-08-12 03:30:00.000,31.30048,-25.0265799999999,16,gps,Loxodonta africana,AM107,AM107,ThermochronTracking Elephants Kruger 2007
9421376994,true,2009-08-12 03:00:00.000,31.30077,-25.0264099999999,15,gps,Loxodonta africana,AM107,AM107,ThermochronTracking Elephants Kruger 2007
9421376993,true,2009-08-12 02:30:00.000,31.30082,-25.0263199999999,15,gps,Loxodonta africana,AM107,AM107,ThermochronTracking Elephants Kruger 2007
9421366193,true,2009-08-12 02:00:00.000,31.803,-24.73881,20,gps,Loxodonta africana,AM105,AM105,ThermochronTracking Elephants Kruger 2007
9421376992,true,2009-08-12 02:00:00.000,31.3010699999999,-25.0262899999999,16,gps,Loxodonta africana,AM107,AM107,ThermochronTracking Elephants Kruger 2007
9421366192,true,2009-08-12 01:30:00.000,31.8032499999999,-24.7387699999999,20,gps,Loxodonta africana,AM105,AM105,ThermochronTracking Elephants Kruger 2007
9421376991,true,2009-08-12 01:30:00.000,31.30167,-25.02728,16,gps,Loxodonta africana,AM107,AM107,ThermochronTracking Elephants Kruger 2007
9421376990,true,2009-08-12 01:00:00.000,31.3016499999999,-25.02756,16,gps,Loxodonta africana,AM107,AM107,ThermochronTracking Elephants Kruger 2007
9421376989,true,2009-08-12 00:30:00.000,31.30204,-25.02807,16,gps,Loxodonta africana,AM107,AM107,ThermochronTracking Elephants Kruger 2007
9421366191,true,2009-08-12 00:00:00.000,31.8064199999999,-24.73741,23,gps,Loxodonta africana,AM105,AM105,ThermochronTracking Elephants Kruger 2007
9421376988,true,2009-08-12 00:00:00.000,31.3031599999999,-25.0293199999999,17,gps,Loxodonta africana,AM107,AM107,ThermochronTracking Elephants Kruger 2007
9421376987,true,2009-08-11 23:30:00.000,31.30338,-25.02964,17,gps,Loxodonta africana,AM107,AM107,ThermochronTracking Elephants Kruger 2007
9421376986,true,2009-08-11 23:00:00.000,31.30384,-25.02982,17,gps,Loxodonta africana,AM107,AM107,ThermochronTracking Elephants Kruger 2007
9421376985,true,2009-08-11 22:30:00.000,31.30368,-25.03003,18,gps,Loxodonta africana,AM107,AM107,ThermochronTracking Elephants Kruger 2007
9421376984,true,2009-08-11 22:00:00.000,31.30416,-25.03002,19,gps,Loxodonta africana,AM107,AM107,ThermochronTracking Elephants Kruger 2007
9421376983,true,2009-08-11 21:30:00.000,31.3052899999999,-25.0299699999999,20,gps,Loxodonta africana,AM107,AM107,ThermochronTracking Elephants Kruger 2007
9421366190,true,2009-08-11 21:00:00.000,31.81108,-24.73607,23,gps,Loxodonta africana,AM105,AM105,ThermochronTracking Elephants Kruger 2007
9421376982,true,2009-08-11 21:00:00.000,31.306,-25.0296699999999,21,gps,Loxodonta africana,AM107,AM107,ThermochronTracking Elephants Kruger 2007
9421366189,true,2009-08-11 20:30:00.000,31.81117,-24.73588,23,gps,Loxodonta africana,AM105,AM105,ThermochronTracking Elephants Kruger 2007
9421376981,true,2009-08-11 20:30:00.000,31.3068099999999,-25.02999,23,gps,Loxodonta africana,AM107,AM107,ThermochronTracking Elephants Kruger 2007
9421366188,true,2009-08-11 20:00:00.000,31.8114999999999,-24.7358599999999,24,gps,Loxodonta africana,AM105,AM105,ThermochronTracking Elephants Kruger 2007
9421376980,true,2009-08-11 20:00:00.000,31.30834,-25.02944,24,gps,Loxodonta africana,AM107,AM107,ThermochronTracking Elephants Kruger 2007
9421366187,true,2009-08-11 19:30:00.000,31.81185,-24.73589,24,gps,Loxodonta africana,AM105,AM105,ThermochronTracking Elephants Kruger 2007
9421376979,true,2009-08-11 19:30:00.000,31.3091599999999,-25.0293899999999,26,gps,Loxodonta africana,AM107,AM107,ThermochronTracking Elephants Kruger 2007
9421366186,true,2009-08-11 19:00:00.000,31.81219,-24.73565,26,gps,Loxodonta africana,AM105,AM105,ThermochronTracking Elephants Kruger 2007
9421376978,true,2009-08-11 19:00:00.000,31.31041,-25.02943,28,gps,Loxodonta africana,AM107,AM107,ThermochronTracking Elephants Kruger 2007
9421366185,true,2009-08-11 18:30:00.000,31.8131799999999,-24.73507,26,gps,Loxodonta africana,AM105,AM105,ThermochronTracking Elephants Kruger 2007
9421376977,true,2009-08-11 18:30:00.000,31.31126,-25.0285699999999,30,gps,Loxodonta africana,AM107,AM107,ThermochronTracking Elephants Kruger 2007
9421366184,true,2009-08-11 18:00:00.000,31.81369,-24.73462,27,gps,Loxodonta africana,AM105,AM105,ThermochronTracking Elephants Kruger 2007
9421376976,true,2009-08-11 18:00:00.000,31.3121399999999,-25.0267699999999,32,gps,Loxodonta africana,AM107,AM107,ThermochronTracking Elephants Kruger 2007
9421366183,true,2009-08-11 17:30:00.000,31.8141,-24.73438,28,gps,Loxodonta africana,AM105,AM105,ThermochronTracking Elephants Kruger 2007
9421376975,true,2009-08-11 17:30:00.000,31.31237,-25.02634,34,gps,Loxodonta africana,AM107,AM107,ThermochronTracking Elephants Kruger 2007
9421366182,true,2009-08-11 17:00:00.000,31.8154399999999,-24.7333,29,gps,Loxodonta africana,AM105,AM105,ThermochronTracking Elephants Kruger 2007
9421376974,true,2009-08-11 17:00:00.000,31.31185,-25.02522,36,gps,Loxodonta africana,AM107,AM107,ThermochronTracking Elephants Kruger 2007
9421366181,true,2009-08-11 16:30:00.000,31.81502,-24.73255,31,gps,Loxodonta africana,AM105,AM105,ThermochronTracking Elephants Kruger 2007
9421376973,true,2009-08-11 16:30:00.000,31.3109199999999,-25.02562,37,gps,Loxodonta africana,AM107,AM107,ThermochronTracking Elephants Kruger 2007
9421366180,true,2009-08-11 16:00:00.000,31.8138499999999,-24.73081,33,gps,Loxodonta africana,AM105,AM105,ThermochronTracking Elephants Kruger 2007
9421376972,true,2009-08-11 16:00:00.000,31.31081,-25.0248099999999,37,gps,Loxodonta africana,AM107,AM107,ThermochronTracking Elephants Kruger 2007
9421366179,true,2009-08-11 15:30:00.000,31.81369,-24.7279699999999,34,gps,Loxodonta africana,AM105,AM105,ThermochronTracking Elephants Kruger 2007
9421376971,true,2009-08-11 15:30:00.000,31.3106,-25.02286,37,gps,Loxodonta africana,AM107,AM107,ThermochronTracking Elephants Kruger 2007
9421376970,true,2009-08-11 15:00:00.000,31.3077499999999,-25.02229,37,gps,Loxodonta africana,AM107,AM107,ThermochronTracking Elephants Kruger 2007
9421376969,true,2009-08-11 14:31:00.000,31.3073599999999,-25.02347,35,gps,Loxodonta africana,AM107,AM107,ThermochronTracking Elephants Kruger 2007
9421366178,true,2009-08-11 14:00:00.000,31.81519,-24.72265,37,gps,Loxodonta africana,AM105,AM105,ThermochronTracking Elephants Kruger 2007
9421376968,true,2009-08-11 14:00:00.000,31.30706,-25.0236899999999,34,gps,Loxodonta africana,AM107,AM107,ThermochronTracking Elephants Kruger 2007
9421376967,true,2009-08-11 13:31:00.000,31.30659,-25.02295,34,gps,Loxodonta africana,AM107,AM107,ThermochronTracking Elephants Kruger 2007
9421366177,true,2009-08-11 13:30:00.000,31.8158199999999,-24.7204599999999,37,gps,Loxodonta africana,AM105,AM105,ThermochronTracking Elephants Kruger 2007
9421366176,true,2009-08-11 13:00:00.000,31.8160799999999,-24.7202799999999,38,gps,Loxodonta africana,AM105,AM105,ThermochronTracking Elephants Kruger 2007
9421376966,true,2009-08-11 13:00:00.000,31.30677,-25.02288,34,gps,Loxodonta africana,AM107,AM107,ThermochronTracking Elephants Kruger 2007
9421376965,true,2009-08-11 12:31:00.000,31.3067099999999,-25.02298,34,gps,Loxodonta africana,AM107,AM107,ThermochronTracking Elephants Kruger 2007
9421366175,true,2009-08-11 12:30:00.000,31.80702,-24.72201,37,gps,Loxodonta africana,AM105,AM105,ThermochronTracking Elephants Kruger 2007
9421366174,true,2009-08-11 12:00:00.000,31.80547,-24.72256,37,gps,Loxodonta africana,AM105,AM105,ThermochronTracking Elephants Kruger 2007
9421376964,true,2009-08-11 12:00:00.000,31.30704,-25.02305,34,gps,Loxodonta africana,AM107,AM107,ThermochronTracking Elephants Kruger 2007
9421366173,true,2009-08-11 11:31:00.000,31.8045399999999,-24.7225499999999,37,gps,Loxodonta africana,AM105,AM105,ThermochronTracking Elephants Kruger 2007
9421376963,true,2009-08-11 11:30:00.000,31.30827,-25.02297,34,gps,Loxodonta africana,AM107,AM107,ThermochronTracking Elephants Kruger 2007
9421376962,true,2009-08-11 11:00:00.000,31.3081,-25.02289,34,gps,Loxodonta africana,AM107,AM107,ThermochronTracking Elephants Kruger 2007
9421376961,true,2009-08-11 10:30:00.000,31.3078,-25.02297,32,gps,Loxodonta africana,AM107,AM107,ThermochronTracking Elephants Kruger 2007
9421366172,true,2009-08-11 10:00:00.000,31.80026,-24.72485,36,gps,Loxodonta africana,AM105,AM105,ThermochronTracking Elephants Kruger 2007
9421376960,true,2009-08-11 10:00:00.000,31.30761,-25.02258,29,gps,Loxodonta africana,AM107,AM107,ThermochronTracking Elephants Kruger 2007
9421366171,true,2009-08-11 09:30:00.000,31.79702,-24.7256299999999,35,gps,Loxodonta africana,AM105,AM105,ThermochronTracking Elephants Kruger 2007
9421376959,true,2009-08-11 09:30:00.000,31.30836,-25.02314,26,gps,Loxodonta africana,AM107,AM107,ThermochronTracking Elephants Kruger 2007
9421366170,true,2009-08-11 09:00:00.000,31.7966799999999,-24.72613,34,gps,Loxodonta africana,AM105,AM105,ThermochronTracking Elephants Kruger 2007
9421376958,true,2009-08-11 09:00:00.000,31.30959,-25.02351,24,gps,Loxodonta africana,AM107,AM107,ThermochronTracking Elephants Kruger 2007
9421366169,true,2009-08-11 08:30:00.000,31.79598,-24.72682,31,gps,Loxodonta africana,AM105,AM105,ThermochronTracking Elephants Kruger 2007
9421376957,true,2009-08-11 08:30:00.000,31.30974,-25.0257299999999,21,gps,Loxodonta africana,AM107,AM107,ThermochronTracking Elephants Kruger 2007
9421376956,true,2009-08-11 08:01:00.000,31.3104699999999,-25.0282899999999,19,gps,Loxodonta africana,AM107,AM107,ThermochronTracking Elephants Kruger 2007
9421366168,true,2009-08-11 08:00:00.000,31.79557,-24.7264899999999,28,gps,Loxodonta africana,AM105,AM105,ThermochronTracking Elephants Kruger 2007
9421366167,true,2009-08-11 07:30:00.000,31.79484,-24.72588,26,gps,Loxodonta africana,AM105,AM105,ThermochronTracking Elephants Kruger 2007
9421376955,true,2009-08-11 07:30:00.000,31.31246,-25.0305199999999,17,gps,Loxodonta africana,AM107,AM107,ThermochronTracking Elephants Kruger 2007
9421376954,true,2009-08-11 07:00:00.000,31.3141399999999,-25.03161,16,gps,Loxodonta africana,AM107,AM107,ThermochronTracking Elephants Kruger 2007
9421376953,true,2009-08-11 06:30:00.000,31.31446,-25.03253,16,gps,Loxodonta africana,AM107,AM107,ThermochronTracking Elephants Kruger 2007
9421366166,true,2009-08-11 06:00:00.000,31.79326,-24.72277,19,gps,Loxodonta africana,AM105,AM105,ThermochronTracking Elephants Kruger 2007
9421376952,true,2009-08-11 06:00:00.000,31.31482,-25.03291,17,gps,Loxodonta africana,AM107,AM107,ThermochronTracking Elephants Kruger 2007
9421366165,true,2009-08-11 05:30:00.000,31.7933999999999,-24.7215099999999,18,gps,Loxodonta africana,AM105,AM105,ThermochronTracking Elephants Kruger 2007
9421376951,true,2009-08-11 05:30:00.000,31.31518,-25.0333399999999,17,gps,Loxodonta africana,AM107,AM107,ThermochronTracking Elephants Kruger 2007
9421366164,true,2009-08-11 05:00:00.000,31.79389,-24.7208599999999,18,gps,Loxodonta africana,AM105,AM105,ThermochronTracking Elephants Kruger 2007
9421376950,true,2009-08-11 05:00:00.000,31.31566,-25.0333,18,gps,Loxodonta africana,AM107,AM107,ThermochronTracking Elephants Kruger 2007
9421376949,true,2009-08-11 04:31:00.000,31.3157,-25.03329,18,gps,Loxodonta africana,AM107,AM107,ThermochronTracking Elephants Kruger 2007
9421366163,true,2009-08-11 04:30:00.000,31.7940499999999,-24.71995,18,gps,Loxodonta africana,AM105,AM105,ThermochronTracking Elephants Kruger 2007
9421366162,true,2009-08-11 04:00:00.000,31.79438,-24.71929,19,gps,Loxodonta africana,AM105,AM105,ThermochronTracking Elephants Kruger 2007
9421376948,true,2009-08-11 04:00:00.000,31.31559,-25.0333299999999,19,gps,Loxodonta africana,AM107,AM107,ThermochronTracking Elephants Kruger 2007
9421366161,true,2009-08-11 03:30:00.000,31.79588,-24.71875,20,gps,Loxodonta africana,AM105,AM105,ThermochronTracking Elephants Kruger 2007
9421366160,true,2009-08-11 01:30:00.000,31.79787,-24.71752,19,gps,Loxodonta africana,AM105,AM105,ThermochronTracking Elephants Kruger 2007
9421366159,true,2009-08-11 01:00:00.000,31.79783,-24.71758,19,gps,Loxodonta africana,AM105,AM105,ThermochronTracking Elephants Kruger 2007
9421376947,true,2009-08-11 01:00:00.000,31.31734,-25.0332,19,gps,Loxodonta africana,AM107,AM107,ThermochronTracking Elephants Kruger 2007
9421366158,true,2009-08-11 00:30:00.000,31.79782,-24.7175699999999,19,gps,Loxodonta africana,AM105,AM105,ThermochronTracking Elephants Kruger 2007
9421376946,true,2009-08-11 00:30:00.000,31.31859,-25.03293,19,gps,Loxodonta africana,AM107,AM107,ThermochronTracking Elephants Kruger 2007
9421366157,true,2009-08-11 00:00:00.000,31.79776,-24.7176699999999,19,gps,Loxodonta africana,AM105,AM105,ThermochronTracking Elephants Kruger 2007
9421376945,true,2009-08-11 00:00:00.000,31.31876,-25.03198,19,gps,Loxodonta africana,AM107,AM107,ThermochronTracking Elephants Kruger 2007
9421366156,true,2009-08-10 23:30:00.000,31.79917,-24.71713,19,gps,Loxodonta africana,AM105,AM105,ThermochronTracking Elephants Kruger 2007
9421376944,true,2009-08-10 23:30:00.000,31.32002,-25.03319,20,gps,Loxodonta africana,AM107,AM107,ThermochronTracking Elephants Kruger 2007
9421376943,true,2009-08-10 23:00:00.000,31.3191099999999,-25.0322099999999,20,gps,Loxodonta africana,AM107,AM107,ThermochronTracking Elephants Kruger 2007
9421376942,true,2009-08-10 22:30:00.000,31.31861,-25.0303399999999,20,gps,Loxodonta africana,AM107,AM107,ThermochronTracking Elephants Kruger 2007
9421366155,true,2009-08-10 22:00:00.000,31.8016299999999,-24.7151,20,gps,Loxodonta africana,AM105,AM105,ThermochronTracking Elephants Kruger 2007
9421376941,true,2009-08-10 22:00:00.000,31.31654,-25.02748,21,gps,Loxodonta africana,AM107,AM107,ThermochronTracking Elephants Kruger 2007
9421366154,true,2009-08-10 21:30:00.000,31.8027699999999,-24.71478,21,gps,Loxodonta africana,AM105,AM105,ThermochronTracking Elephants Kruger 2007
9421376940,true,2009-08-10 21:30:00.000,31.31633,-25.02645,21,gps,Loxodonta africana,AM107,AM107,ThermochronTracking Elephants Kruger 2007
9421366153,true,2009-08-10 21:00:00.000,31.8048199999999,-24.7140899999999,21,gps,Loxodonta africana,AM105,AM105,ThermochronTracking Elephants Kruger 2007
9421376939,true,2009-08-10 21:00:00.000,31.31556,-25.0259299999999,22,gps,Loxodonta africana,AM107,AM107,ThermochronTracking Elephants Kruger 2007
9421366152,true,2009-08-10 20:30:00.000,31.8055799999999,-24.71358,22,gps,Loxodonta africana,AM105,AM105,ThermochronTracking Elephants Kruger 2007
9421376938,true,2009-08-10 20:30:00.000,31.31416,-25.02365,23,gps,Loxodonta africana,AM107,AM107,ThermochronTracking Elephants Kruger 2007
9421366151,true,2009-08-10 20:00:00.000,31.8073599999999,-24.71265,23,gps,Loxodonta africana,AM105,AM105,ThermochronTracking Elephants Kruger 2007
9421376937,true,2009-08-10 20:00:00.000,31.314,-25.0218099999999,24,gps,Loxodonta africana,AM107,AM107,ThermochronTracking Elephants Kruger 2007
9421366150,true,2009-08-10 19:30:00.000,31.80902,-24.71178,24,gps,Loxodonta africana,AM105,AM105,ThermochronTracking Elephants Kruger 2007
9421376936,true,2009-08-10 19:30:00.000,31.3136599999999,-25.02093,25,gps,Loxodonta africana,AM107,AM107,ThermochronTracking Elephants Kruger 2007
9421376935,true,2009-08-10 19:00:00.000,31.3137,-25.02075,27,gps,Loxodonta africana,AM107,AM107,ThermochronTracking Elephants Kruger 2007
9421366149,true,2009-08-10 18:00:00.000,31.8147799999999,-24.7068499999999,27,gps,Loxodonta africana,AM105,AM105,ThermochronTracking Elephants Kruger 2007
9421366148,true,2009-08-10 17:30:00.000,31.8157299999999,-24.70655,28,gps,Loxodonta africana,AM105,AM105,ThermochronTracking Elephants Kruger 2007
9421376934,true,2009-08-10 17:30:00.000,31.31314,-25.01958,32,gps,Loxodonta africana,AM107,AM107,ThermochronTracking Elephants Kruger 2007
9421366147,true,2009-08-10 17:00:00.000,31.8156199999999,-24.7062999999999,30,gps,Loxodonta africana,AM105,AM105,ThermochronTracking Elephants Kruger 2007
9421376933,true,2009-08-10 17:00:00.000,31.3132799999999,-25.0191,33,gps,Loxodonta africana,AM107,AM107,ThermochronTracking Elephants Kruger 2007
9421366146,true,2009-08-10 16:30:00.000,31.81558,-24.70628,31,gps,Loxodonta africana,AM105,AM105,ThermochronTracking Elephants Kruger 2007
9421376932,true,2009-08-10 16:30:00.000,31.3123299999999,-25.0196,34,gps,Loxodonta africana,AM107,AM107,ThermochronTracking Elephants Kruger 2007
9421366145,true,2009-08-10 16:00:00.000,31.80965,-24.70951,33,gps,Loxodonta africana,AM105,AM105,ThermochronTracking Elephants Kruger 2007
9421376931,true,2009-08-10 16:00:00.000,31.3124,-25.0193599999999,34,gps,Loxodonta africana,AM107,AM107,ThermochronTracking Elephants Kruger 2007
9421366144,true,2009-08-10 15:30:00.000,31.80339,-24.7118,34,gps,Loxodonta africana,AM105,AM105,ThermochronTracking Elephants Kruger 2007
9421376930,true,2009-08-10 15:30:00.000,31.3127,-25.01868,35,gps,Loxodonta africana,AM107,AM107,ThermochronTracking Elephants Kruger 2007
9421376929,true,2009-08-10 15:00:00.000,31.3127299999999,-25.0185999999999,36,gps,Loxodonta africana,AM107,AM107,ThermochronTracking Elephants Kruger 2007
9421366143,true,2009-08-10 14:00:00.000,31.7937699999999,-24.7145499999999,37,gps,Loxodonta africana,AM105,AM105,ThermochronTracking Elephants Kruger 2007
9421366142,true,2009-08-10 13:30:00.000,31.79298,-24.7190499999999,37,gps,Loxodonta africana,AM105,AM105,ThermochronTracking Elephants Kruger 2007
9421366141,true,2009-08-10 13:00:00.000,31.7930099999999,-24.71959,37,gps,Loxodonta africana,AM105,AM105,ThermochronTracking Elephants Kruger 2007
9421366140,true,2009-08-10 12:30:00.000,31.79271,-24.72171,37,gps,Loxodonta africana,AM105,AM105,ThermochronTracking Elephants Kruger 2007
9421366139,true,2009-08-10 12:00:00.000,31.7919799999999,-24.7234799999999,37,gps,Loxodonta africana,AM105,AM105,ThermochronTracking Elephants Kruger 2007
9421366138,true,2009-08-10 11:30:00.000,31.7920799999999,-24.72349,38,gps,Loxodonta africana,AM105,AM105,ThermochronTracking Elephants Kruger 2007
9421376928,true,2009-08-10 11:00:00.000,31.2941199999999,-25.0273399999999,34,gps,Loxodonta africana,AM107,AM107,ThermochronTracking Elephants Kruger 2007
9421376927,true,2009-08-10 10:30:00.000,31.29034,-25.02821,32,gps,Loxodonta africana,AM107,AM107,ThermochronTracking Elephants Kruger 2007
9421366137,true,2009-08-10 10:00:00.000,31.79243,-24.7261999999999,37,gps,Loxodonta africana,AM105,AM105,ThermochronTracking Elephants Kruger 2007
9421376926,true,2009-08-10 10:00:00.000,31.28646,-25.02858,29,gps,Loxodonta africana,AM107,AM107,ThermochronTracking Elephants Kruger 2007
9421366136,true,2009-08-10 09:30:00.000,31.79267,-24.72727,35,gps,Loxodonta africana,AM105,AM105,ThermochronTracking Elephants Kruger 2007
9421376925,true,2009-08-10 09:30:00.000,31.2852299999999,-25.03085,26,gps,Loxodonta africana,AM107,AM107,ThermochronTracking Elephants Kruger 2007
9421366135,true,2009-08-10 09:00:00.000,31.7928099999999,-24.7276999999999,34,gps,Loxodonta africana,AM105,AM105,ThermochronTracking Elephants Kruger 2007
9421376924,true,2009-08-10 09:00:00.000,31.28557,-25.03191,23,gps,Loxodonta africana,AM107,AM107,ThermochronTracking Elephants Kruger 2007
9421366134,true,2009-08-10 08:30:00.000,31.79336,-24.72776,32,gps,Loxodonta africana,AM105,AM105,ThermochronTracking Elephants Kruger 2007
9421376923,true,2009-08-10 08:30:00.000,31.28543,-25.0321,20,gps,Loxodonta africana,AM107,AM107,ThermochronTracking Elephants Kruger 2007
9421366133,true,2009-08-10 08:00:00.000,31.7938499999999,-24.7276899999999,30,gps,Loxodonta africana,AM105,AM105,ThermochronTracking Elephants Kruger 2007
9421376922,true,2009-08-10 08:00:00.000,31.28473,-25.03265,18,gps,Loxodonta africana,AM107,AM107,ThermochronTracking Elephants Kruger 2007
9421366132,true,2009-08-10 07:30:00.000,31.7934799999999,-24.7279599999999,27,gps,Loxodonta africana,AM105,AM105,ThermochronTracking Elephants Kruger 2007
9421376921,true,2009-08-10 07:30:00.000,31.28453,-25.0327899999999,16,gps,Loxodonta africana,AM107,AM107,ThermochronTracking Elephants Kruger 2007
9421376920,true,2009-08-10 07:00:00.000,31.2846499999999,-25.03308,16,gps,Loxodonta africana,AM107,AM107,ThermochronTracking Elephants Kruger 2007
9421376919,true,2009-08-10 06:30:00.000,31.2851199999999,-25.03375,16,gps,Loxodonta africana,AM107,AM107,ThermochronTracking Elephants Kruger 2007
9421366131,true,2009-08-10 06:01:00.000,31.7946999999999,-24.7271199999999,20,gps,Loxodonta africana,AM105,AM105,ThermochronTracking Elephants Kruger 2007
9421376918,true,2009-08-10 06:00:00.000,31.28517,-25.0340799999999,16,gps,Loxodonta africana,AM107,AM107,ThermochronTracking Elephants Kruger 2007
9421376917,true,2009-08-10 05:30:00.000,31.2853999999999,-25.03461,17,gps,Loxodonta africana,AM107,AM107,ThermochronTracking Elephants Kruger 2007
9421376916,true,2009-08-10 05:00:00.000,31.2860699999999,-25.03499,17,gps,Loxodonta africana,AM107,AM107,ThermochronTracking Elephants Kruger 2007
9421376915,true,2009-08-10 04:30:00.000,31.28614,-25.03497,18,gps,Loxodonta africana,AM107,AM107,ThermochronTracking Elephants Kruger 2007
9421366130,true,2009-08-10 04:00:00.000,31.79879,-24.7264799999999,19,gps,Loxodonta africana,AM105,AM105,ThermochronTracking Elephants Kruger 2007
9421376914,true,2009-08-10 04:00:00.000,31.2861599999999,-25.035,18,gps,Loxodonta africana,AM107,AM107,ThermochronTracking Elephants Kruger 2007
9421366129,true,2009-08-10 03:30:00.000,31.79849,-24.72654,19,gps,Loxodonta africana,AM105,AM105,ThermochronTracking Elephants Kruger 2007
9421376913,true,2009-08-10 03:30:00.000,31.2862,-25.03511,18,gps,Loxodonta africana,AM107,AM107,ThermochronTracking Elephants Kruger 2007
9421376912,true,2009-08-10 03:00:00.000,31.28621,-25.0350299999999,18,gps,Loxodonta africana,AM107,AM107,ThermochronTracking Elephants Kruger 2007
9421366128,true,2009-08-10 02:00:00.000,31.80019,-24.72491,21,gps,Loxodonta africana,AM105,AM105,ThermochronTracking Elephants Kruger 2007
9421366127,true,2009-08-10 01:30:00.000,31.8017399999999,-24.7240499999999,21,gps,Loxodonta africana,AM105,AM105,ThermochronTracking Elephants Kruger 2007
9421376911,true,2009-08-10 01:00:00.000,31.28914,-25.03818,19,gps,Loxodonta africana,AM107,AM107,ThermochronTracking Elephants Kruger 2007
9421376910,true,2009-08-10 00:30:00.000,31.28931,-25.03854,19,gps,Loxodonta africana,AM107,AM107,ThermochronTracking Elephants Kruger 2007
9421366126,true,2009-08-10 00:01:00.000,31.80319,-24.7232799999999,22,gps,Loxodonta africana,AM105,AM105,ThermochronTracking Elephants Kruger 2007
9421376909,true,2009-08-10 00:00:00.000,31.28975,-25.03949,19,gps,Loxodonta africana,AM107,AM107,ThermochronTracking Elephants Kruger 2007
9421366125,true,2009-08-09 23:30:00.000,31.8032499999999,-24.72336,21,gps,Loxodonta africana,AM105,AM105,ThermochronTracking Elephants Kruger 2007
9421376908,true,2009-08-09 23:30:00.000,31.28978,-25.0400099999999,20,gps,Loxodonta africana,AM107,AM107,ThermochronTracking Elephants Kruger 2007
9421376907,true,2009-08-09 23:00:00.000,31.29031,-25.0403699999999,20,gps,Loxodonta africana,AM107,AM107,ThermochronTracking Elephants Kruger 2007
9421376906,true,2009-08-09 22:30:00.000,31.29175,-25.04033,21,gps,Loxodonta africana,AM107,AM107,ThermochronTracking Elephants Kruger 2007
9421366124,true,2009-08-09 22:00:00.000,31.80322,-24.72276,22,gps,Loxodonta africana,AM105,AM105,ThermochronTracking Elephants Kruger 2007
9421376905,true,2009-08-09 22:00:00.000,31.29445,-25.03984,21,gps,Loxodonta africana,AM107,AM107,ThermochronTracking Elephants Kruger 2007
9421376904,true,2009-08-09 21:30:00.000,31.2984499999999,-25.03941,22,gps,Loxodonta africana,AM107,AM107,ThermochronTracking Elephants Kruger 2007
9421376903,true,2009-08-09 21:00:00.000,31.2992199999999,-25.04025,22,gps,Loxodonta africana,AM107,AM107,ThermochronTracking Elephants Kruger 2007
9421376902,true,2009-08-09 20:30:00.000,31.29951,-25.04063,23,gps,Loxodonta africana,AM107,AM107,ThermochronTracking Elephants Kruger 2007
9421366123,true,2009-08-09 20:00:00.000,31.80424,-24.7224,23,gps,Loxodonta africana,AM105,AM105,ThermochronTracking Elephants Kruger 2007
9421376901,true,2009-08-09 20:00:00.000,31.3000499999999,-25.04119,23,gps,Loxodonta africana,AM107,AM107,ThermochronTracking Elephants Kruger 2007
9421366122,true,2009-08-09 19:30:00.000,31.80461,-24.72214,24,gps,Loxodonta africana,AM105,AM105,ThermochronTracking Elephants Kruger 2007
9421376900,true,2009-08-09 19:30:00.000,31.30087,-25.0414999999999,24,gps,Loxodonta africana,AM107,AM107,ThermochronTracking Elephants Kruger 2007
9421376899,true,2009-08-09 19:00:00.000,31.3013499999999,-25.0417099999999,26,gps,Loxodonta africana,AM107,AM107,ThermochronTracking Elephants Kruger 2007
9421376898,true,2009-08-09 18:30:00.000,31.30228,-25.04126,27,gps,Loxodonta africana,AM107,AM107,ThermochronTracking Elephants Kruger 2007
9421366121,true,2009-08-09 18:00:00.000,31.8075399999999,-24.72045,26,gps,Loxodonta africana,AM105,AM105,ThermochronTracking Elephants Kruger 2007
9421376897,true,2009-08-09 18:00:00.000,31.30347,-25.0408599999999,30,gps,Loxodonta africana,AM107,AM107,ThermochronTracking Elephants Kruger 2007
9421366120,true,2009-08-09 17:30:00.000,31.80797,-24.72023,27,gps,Loxodonta africana,AM105,AM105,ThermochronTracking Elephants Kruger 2007
9421376896,true,2009-08-09 17:30:00.000,31.30271,-25.039,31,gps,Loxodonta africana,AM107,AM107,ThermochronTracking Elephants Kruger 2007
9421366119,true,2009-08-09 17:00:00.000,31.8087799999999,-24.72007,27,gps,Loxodonta africana,AM105,AM105,ThermochronTracking Elephants Kruger 2007
9421376895,true,2009-08-09 17:00:00.000,31.30067,-25.03689,34,gps,Loxodonta africana,AM107,AM107,ThermochronTracking Elephants Kruger 2007
9421366118,true,2009-08-09 16:30:00.000,31.80917,-24.71985,29,gps,Loxodonta africana,AM105,AM105,ThermochronTracking Elephants Kruger 2007
9421376894,true,2009-08-09 16:30:00.000,31.29839,-25.03459,35,gps,Loxodonta africana,AM107,AM107,ThermochronTracking Elephants Kruger 2007
9421366117,true,2009-08-09 16:00:00.000,31.8118699999999,-24.71955,31,gps,Loxodonta africana,AM105,AM105,ThermochronTracking Elephants Kruger 2007
9421376893,true,2009-08-09 16:00:00.000,31.29699,-25.0337099999999,36,gps,Loxodonta africana,AM107,AM107,ThermochronTracking Elephants Kruger 2007
9421376892,true,2009-08-09 15:30:00.000,31.2948099999999,-25.0332599999999,38,gps,Loxodonta africana,AM107,AM107,ThermochronTracking Elephants Kruger 2007
9421376891,true,2009-08-09 15:00:00.000,31.2944,-25.0331499999999,38,gps,Loxodonta africana,AM107,AM107,ThermochronTracking Elephants Kruger 2007
9421376890,true,2009-08-09 14:30:00.000,31.2917899999999,-25.0345499999999,37,gps,Loxodonta africana,AM107,AM107,ThermochronTracking Elephants Kruger 2007
9421366116,true,2009-08-09 14:00:00.000,31.8149699999999,-24.72176,33,gps,Loxodonta africana,AM105,AM105,ThermochronTracking Elephants Kruger 2007
9421376889,true,2009-08-09 14:00:00.000,31.29125,-25.03432,37,gps,Loxodonta africana,AM107,AM107,ThermochronTracking Elephants Kruger 2007
9421366115,true,2009-08-09 13:30:00.000,31.81174,-24.7285299999999,34,gps,Loxodonta africana,AM105,AM105,ThermochronTracking Elephants Kruger 2007
9421376888,true,2009-08-09 13:30:00.000,31.28762,-25.03609,34,gps,Loxodonta africana,AM107,AM107,ThermochronTracking Elephants Kruger 2007
9421366114,true,2009-08-09 13:00:00.000,31.80805,-24.73186,36,gps,Loxodonta africana,AM105,AM105,ThermochronTracking Elephants Kruger 2007
9421376887,true,2009-08-09 13:00:00.000,31.2860799999999,-25.03497,32,gps,Loxodonta africana,AM107,AM107,ThermochronTracking Elephants Kruger 2007
9421366113,true,2009-08-09 12:30:00.000,31.80151,-24.7352999999999,37,gps,Loxodonta africana,AM105,AM105,ThermochronTracking Elephants Kruger 2007
9421376886,true,2009-08-09 12:30:00.000,31.2855999999999,-25.0345599999999,33,gps,Loxodonta africana,AM107,AM107,ThermochronTracking Elephants Kruger 2007
9421366112,true,2009-08-09 12:00:00.000,31.79899,-24.7353799999999,37,gps,Loxodonta africana,AM105,AM105,ThermochronTracking Elephants Kruger 2007
9421376885,true,2009-08-09 12:00:00.000,31.28563,-25.03452,35,gps,Loxodonta africana,AM107,AM107,ThermochronTracking Elephants Kruger 2007
9421366111,true,2009-08-09 11:30:00.000,31.79744,-24.73551,38,gps,Loxodonta africana,AM105,AM105,ThermochronTracking Elephants Kruger 2007
9421376884,true,2009-08-09 11:30:00.000,31.28479,-25.03432,34,gps,Loxodonta africana,AM107,AM107,ThermochronTracking Elephants Kruger 2007
9421366110,true,2009-08-09 11:00:00.000,31.79607,-24.73607,37,gps,Loxodonta africana,AM105,AM105,ThermochronTracking Elephants Kruger 2007
9421376883,true,2009-08-09 11:00:00.000,31.28285,-25.03412,31,gps,Loxodonta africana,AM107,AM107,ThermochronTracking Elephants Kruger 2007
9421366109,true,2009-08-09 10:30:00.000,31.79577,-24.73543,36,gps,Loxodonta africana,AM105,AM105,ThermochronTracking Elephants Kruger 2007
9421376882,true,2009-08-09 10:30:00.000,31.2819,-25.03415,29,gps,Loxodonta africana,AM107,AM107,ThermochronTracking Elephants Kruger 2007
9421366108,true,2009-08-09 10:00:00.000,31.7938399999999,-24.73553,36,gps,Loxodonta africana,AM105,AM105,ThermochronTracking Elephants Kruger 2007
9421376881,true,2009-08-09 10:00:00.000,31.28143,-25.03488,27,gps,Loxodonta africana,AM107,AM107,ThermochronTracking Elephants Kruger 2007
9421376880,true,2009-08-09 09:30:00.000,31.2809899999999,-25.03506,25,gps,Loxodonta africana,AM107,AM107,ThermochronTracking Elephants Kruger 2007
9421366107,true,2009-08-09 09:00:00.000,31.7912399999999,-24.7376399999999,33,gps,Loxodonta africana,AM105,AM105,ThermochronTracking Elephants Kruger 2007
9421376879,true,2009-08-09 09:00:00.000,31.27778,-25.0348599999999,23,gps,Loxodonta africana,AM107,AM107,ThermochronTracking Elephants Kruger 2007
9421366106,true,2009-08-09 08:30:00.000,31.7917899999999,-24.73509,32,gps,Loxodonta africana,AM105,AM105,ThermochronTracking Elephants Kruger 2007
9421376878,true,2009-08-09 08:30:00.000,31.27859,-25.0341799999999,22,gps,Loxodonta africana,AM107,AM107,ThermochronTracking Elephants Kruger 2007
9421366105,true,2009-08-09 08:00:00.000,31.7932899999999,-24.7339699999999,30,gps,Loxodonta africana,AM105,AM105,ThermochronTracking Elephants Kruger 2007
9421376877,true,2009-08-09 08:00:00.000,31.27832,-25.0331499999999,21,gps,Loxodonta africana,AM107,AM107,ThermochronTracking Elephants Kruger 2007
9421376876,true,2009-08-09 07:30:00.000,31.27881,-25.0325899999999,20,gps,Loxodonta africana,AM107,AM107,ThermochronTracking Elephants Kruger 2007
9421376875,true,2009-08-09 07:00:00.000,31.2775399999999,-25.03153,19,gps,Loxodonta africana,AM107,AM107,ThermochronTracking Elephants Kruger 2007
9421376874,true,2009-08-09 06:30:00.000,31.27626,-25.03178,19,gps,Loxodonta africana,AM107,AM107,ThermochronTracking Elephants Kruger 2007
9421376873,true,2009-08-09 06:00:00.000,31.27605,-25.03205,19,gps,Loxodonta africana,AM107,AM107,ThermochronTracking Elephants Kruger 2007
9421376872,true,2009-08-09 05:30:00.000,31.2755,-25.03209,19,gps,Loxodonta africana,AM107,AM107,ThermochronTracking Elephants Kruger 2007
9421376871,true,2009-08-09 05:00:00.000,31.27501,-25.03192,18,gps,Loxodonta africana,AM107,AM107,ThermochronTracking Elephants Kruger 2007
9421366104,true,2009-08-09 04:30:00.000,31.79295,-24.72889,24,gps,Loxodonta africana,AM105,AM105,ThermochronTracking Elephants Kruger 2007
9421376870,true,2009-08-09 04:30:00.000,31.27354,-25.03198,18,gps,Loxodonta africana,AM107,AM107,ThermochronTracking Elephants Kruger 2007
9421376869,true,2009-08-09 04:00:00.000,31.2729299999999,-25.03178,18,gps,Loxodonta africana,AM107,AM107,ThermochronTracking Elephants Kruger 2007
9421376868,true,2009-08-09 03:30:00.000,31.27306,-25.03196,18,gps,Loxodonta africana,AM107,AM107,ThermochronTracking Elephants Kruger 2007
9421376867,true,2009-08-09 03:00:00.000,31.27307,-25.03209,17,gps,Loxodonta africana,AM107,AM107,ThermochronTracking Elephants Kruger 2007
9421366103,true,2009-08-09 01:32:00.000,31.79214,-24.7284,23,gps,Loxodonta africana,AM105,AM105,ThermochronTracking Elephants Kruger 2007
9421366102,true,2009-08-09 01:00:00.000,31.79192,-24.7284399999999,23,gps,Loxodonta africana,AM105,AM105,ThermochronTracking Elephants Kruger 2007
9421376866,true,2009-08-09 01:00:00.000,31.27186,-25.03159,16,gps,Loxodonta africana,AM107,AM107,ThermochronTracking Elephants Kruger 2007
9421366101,true,2009-08-09 00:30:00.000,31.79211,-24.72813,23,gps,Loxodonta africana,AM105,AM105,ThermochronTracking Elephants Kruger 2007
9421376865,true,2009-08-09 00:30:00.000,31.26938,-25.0309199999999,17,gps,Loxodonta africana,AM107,AM107,ThermochronTracking Elephants Kruger 2007
9421366100,true,2009-08-09 00:01:00.000,31.79276,-24.7274999999999,23,gps,Loxodonta africana,AM105,AM105,ThermochronTracking Elephants Kruger 2007
9421376864,true,2009-08-09 00:00:00.000,31.26877,-25.03098,17,gps,Loxodonta africana,AM107,AM107,ThermochronTracking Elephants Kruger 2007
9421376863,true,2009-08-08 23:30:00.000,31.2661,-25.0311799999999,18,gps,Loxodonta africana,AM107,AM107,ThermochronTracking Elephants Kruger 2007
9421376862,true,2009-08-08 23:01:00.000,31.26455,-25.03159,19,gps,Loxodonta africana,AM107,AM107,ThermochronTracking Elephants Kruger 2007
9421366099,true,2009-08-08 22:31:00.000,31.79383,-24.72678,24,gps,Loxodonta africana,AM105,AM105,ThermochronTracking Elephants Kruger 2007
9421376861,true,2009-08-08 22:30:00.000,31.2645899999999,-25.03159,19,gps,Loxodonta africana,AM107,AM107,ThermochronTracking Elephants Kruger 2007
9421376860,true,2009-08-08 22:00:00.000,31.2646599999999,-25.0315599999999,20,gps,Loxodonta africana,AM107,AM107,ThermochronTracking Elephants Kruger 2007
9421376859,true,2009-08-08 21:30:00.000,31.26455,-25.03151,21,gps,Loxodonta africana,AM107,AM107,ThermochronTracking Elephants Kruger 2007
9421376858,true,2009-08-08 21:00:00.000,31.2639,-25.03151,22,gps,Loxodonta africana,AM107,AM107,ThermochronTracking Elephants Kruger 2007
9421366098,true,2009-08-08 20:30:00.000,31.7935799999999,-24.7257199999999,27,gps,Loxodonta africana,AM105,AM105,ThermochronTracking Elephants Kruger 2007
9421376857,true,2009-08-08 20:30:00.000,31.26319,-25.0313799999999,23,gps,Loxodonta africana,AM107,AM107,ThermochronTracking Elephants Kruger 2007
9421366097,true,2009-08-08 20:00:00.000,31.79332,-24.72567,27,gps,Loxodonta africana,AM105,AM105,ThermochronTracking Elephants Kruger 2007
9421376856,true,2009-08-08 20:00:00.000,31.2625899999999,-25.0312899999999,24,gps,Loxodonta africana,AM107,AM107,ThermochronTracking Elephants Kruger 2007
9421376855,true,2009-08-08 19:30:00.000,31.26146,-25.0303399999999,25,gps,Loxodonta africana,AM107,AM107,ThermochronTracking Elephants Kruger 2007
9421376854,true,2009-08-08 19:00:00.000,31.2606499999999,-25.02915,26,gps,Loxodonta africana,AM107,AM107,ThermochronTracking Elephants Kruger 2007
9421366096,true,2009-08-08 18:31:00.000,31.7926399999999,-24.7258299999999,29,gps,Loxodonta africana,AM105,AM105,ThermochronTracking Elephants Kruger 2007
9421376853,true,2009-08-08 18:30:00.000,31.2596099999999,-25.0283799999999,28,gps,Loxodonta africana,AM107,AM107,ThermochronTracking Elephants Kruger 2007
9421366095,true,2009-08-08 18:00:00.000,31.79266,-24.72587,29,gps,Loxodonta africana,AM105,AM105,ThermochronTracking Elephants Kruger 2007
9421376852,true,2009-08-08 18:00:00.000,31.25956,-25.02738,30,gps,Loxodonta africana,AM107,AM107,ThermochronTracking Elephants Kruger 2007
9421376851,true,2009-08-08 17:30:00.000,31.2601,-25.02712,31,gps,Loxodonta africana,AM107,AM107,ThermochronTracking Elephants Kruger 2007
9421376850,true,2009-08-08 17:00:00.000,31.26048,-25.0268,33,gps,Loxodonta africana,AM107,AM107,ThermochronTracking Elephants Kruger 2007
9421376849,true,2009-08-08 16:30:00.000,31.2608199999999,-25.0264899999999,34,gps,Loxodonta africana,AM107,AM107,ThermochronTracking Elephants Kruger 2007
9421366094,true,2009-08-08 16:00:00.000,31.7927299999999,-24.72584,31,gps,Loxodonta africana,AM105,AM105,ThermochronTracking Elephants Kruger 2007
9421376848,true,2009-08-08 16:00:00.000,31.26103,-25.0261999999999,34,gps,Loxodonta africana,AM107,AM107,ThermochronTracking Elephants Kruger 2007
9421376847,true,2009-08-08 15:30:00.000,31.2609199999999,-25.02569,35,gps,Loxodonta africana,AM107,AM107,ThermochronTracking Elephants Kruger 2007
9421376846,true,2009-08-08 15:00:00.000,31.26144,-25.0280999999999,36,gps,Loxodonta africana,AM107,AM107,ThermochronTracking Elephants Kruger 2007
9421366093,true,2009-08-08 14:30:00.000,31.7931199999999,-24.72655,35,gps,Loxodonta africana,AM105,AM105,ThermochronTracking Elephants Kruger 2007
9421366092,true,2009-08-08 14:00:00.000,31.79334,-24.72605,36,gps,Loxodonta africana,AM105,AM105,ThermochronTracking Elephants Kruger 2007
9421366091,true,2009-08-08 13:30:00.000,31.79371,-24.72546,37,gps,Loxodonta africana,AM105,AM105,ThermochronTracking Elephants Kruger 2007
9421366090,true,2009-08-08 13:00:00.000,31.7933899999999,-24.72523,36,gps,Loxodonta africana,AM105,AM105,ThermochronTracking Elephants Kruger 2007
9421376845,true,2009-08-08 13:00:00.000,31.2608,-25.02261,33,gps,Loxodonta africana,AM107,AM107,ThermochronTracking Elephants Kruger 2007
9421376844,true,2009-08-08 12:31:00.000,31.2622299999999,-25.02582,34,gps,Loxodonta africana,AM107,AM107,ThermochronTracking Elephants Kruger 2007
9421366089,true,2009-08-08 12:30:00.000,31.79303,-24.72428,36,gps,Loxodonta africana,AM105,AM105,ThermochronTracking Elephants Kruger 2007
9421366088,true,2009-08-08 12:00:00.000,31.7928,-24.7242099999999,35,gps,Loxodonta africana,AM105,AM105,ThermochronTracking Elephants Kruger 2007
9421376843,true,2009-08-08 12:00:00.000,31.26275,-25.02661,34,gps,Loxodonta africana,AM107,AM107,ThermochronTracking Elephants Kruger 2007
9421376842,true,2009-08-08 11:30:00.000,31.26362,-25.0265999999999,33,gps,Loxodonta africana,AM107,AM107,ThermochronTracking Elephants Kruger 2007
9421376841,true,2009-08-08 11:00:00.000,31.2652,-25.02994,30,gps,Loxodonta africana,AM107,AM107,ThermochronTracking Elephants Kruger 2007
9421376840,true,2009-08-08 10:30:00.000,31.26648,-25.0316399999999,30,gps,Loxodonta africana,AM107,AM107,ThermochronTracking Elephants Kruger 2007
9421376839,true,2009-08-08 10:00:00.000,31.2664399999999,-25.03328,28,gps,Loxodonta africana,AM107,AM107,ThermochronTracking Elephants Kruger 2007
9421366087,true,2009-08-08 09:30:00.000,31.7924599999999,-24.72372,33,gps,Loxodonta africana,AM105,AM105,ThermochronTracking Elephants Kruger 2007
9421376838,true,2009-08-08 09:30:00.000,31.26678,-25.03491,24,gps,Loxodonta africana,AM107,AM107,ThermochronTracking Elephants Kruger 2007
9421366086,true,2009-08-08 09:00:00.000,31.79294,-24.7229099999999,33,gps,Loxodonta africana,AM105,AM105,ThermochronTracking Elephants Kruger 2007
9421376837,true,2009-08-08 09:00:00.000,31.2673799999999,-25.0360699999999,23,gps,Loxodonta africana,AM107,AM107,ThermochronTracking Elephants Kruger 2007
9421366085,true,2009-08-08 08:30:00.000,31.79392,-24.72152,31,gps,Loxodonta africana,AM105,AM105,ThermochronTracking Elephants Kruger 2007
9421376836,true,2009-08-08 08:30:00.000,31.26762,-25.0369899999999,21,gps,Loxodonta africana,AM107,AM107,ThermochronTracking Elephants Kruger 2007
9421366084,true,2009-08-08 08:01:00.000,31.79547,-24.7201899999999,30,gps,Loxodonta africana,AM105,AM105,ThermochronTracking Elephants Kruger 2007
9421376835,true,2009-08-08 08:00:00.000,31.2673899999999,-25.03853,21,gps,Loxodonta africana,AM107,AM107,ThermochronTracking Elephants Kruger 2007
9421376834,true,2009-08-08 07:30:00.000,31.2681,-25.0394499999999,20,gps,Loxodonta africana,AM107,AM107,ThermochronTracking Elephants Kruger 2007
9421376833,true,2009-08-08 07:00:00.000,31.26913,-25.0395399999999,20,gps,Loxodonta africana,AM107,AM107,ThermochronTracking Elephants Kruger 2007
9421366083,true,2009-08-08 06:30:00.000,31.79759,-24.7171999999999,26,gps,Loxodonta africana,AM105,AM105,ThermochronTracking Elephants Kruger 2007
9421376832,true,2009-08-08 06:30:00.000,31.27053,-25.04045,21,gps,Loxodonta africana,AM107,AM107,ThermochronTracking Elephants Kruger 2007
9421376831,true,2009-08-08 06:00:00.000,31.2698199999999,-25.0420599999999,21,gps,Loxodonta africana,AM107,AM107,ThermochronTracking Elephants Kruger 2007
9421376830,true,2009-08-08 05:30:00.000,31.26873,-25.0435899999999,21,gps,Loxodonta africana,AM107,AM107,ThermochronTracking Elephants Kruger 2007
9421376829,true,2009-08-08 05:00:00.000,31.2684399999999,-25.0441499999999,22,gps,Loxodonta africana,AM107,AM107,ThermochronTracking Elephants Kruger 2007
9421366082,true,2009-08-08 04:30:00.000,31.8012,-24.71458,24,gps,Loxodonta africana,AM105,AM105,ThermochronTracking Elephants Kruger 2007
9421376828,true,2009-08-08 04:30:00.000,31.26874,-25.04364,22,gps,Loxodonta africana,AM107,AM107,ThermochronTracking Elephants Kruger 2007
9421376827,true,2009-08-08 04:00:00.000,31.26878,-25.04364,21,gps,Loxodonta africana,AM107,AM107,ThermochronTracking Elephants Kruger 2007
9421376826,true,2009-08-08 03:30:00.000,31.26891,-25.04327,21,gps,Loxodonta africana,AM107,AM107,ThermochronTracking Elephants Kruger 2007
9421376825,true,2009-08-08 03:00:00.000,31.2687999999999,-25.0435699999999,21,gps,Loxodonta africana,AM107,AM107,ThermochronTracking Elephants Kruger 2007
9421376824,true,2009-08-08 02:30:00.000,31.2685999999999,-25.0438499999999,21,gps,Loxodonta africana,AM107,AM107,ThermochronTracking Elephants Kruger 2007
9421376823,true,2009-08-08 02:00:00.000,31.2683199999999,-25.04362,21,gps,Loxodonta africana,AM107,AM107,ThermochronTracking Elephants Kruger 2007
9421376822,true,2009-08-08 01:30:00.000,31.26801,-25.0451,21,gps,Loxodonta africana,AM107,AM107,ThermochronTracking Elephants Kruger 2007
9421376821,true,2009-08-08 01:00:00.000,31.26678,-25.04617,20,gps,Loxodonta africana,AM107,AM107,ThermochronTracking Elephants Kruger 2007
9421376820,true,2009-08-08 00:30:00.000,31.26733,-25.0456299999999,20,gps,Loxodonta africana,AM107,AM107,ThermochronTracking Elephants Kruger 2007
9421376819,true,2009-08-08 00:00:00.000,31.26751,-25.04532,19,gps,Loxodonta africana,AM107,AM107,ThermochronTracking Elephants Kruger 2007
9421376818,true,2009-08-07 23:30:00.000,31.26728,-25.04523,19,gps,Loxodonta africana,AM107,AM107,ThermochronTracking Elephants Kruger 2007
9421376817,true,2009-08-07 23:00:00.000,31.26697,-25.0451699999999,19,gps,Loxodonta africana,AM107,AM107,ThermochronTracking Elephants Kruger 2007
9421376816,true,2009-08-07 22:30:00.000,31.2667299999999,-25.04465,19,gps,Loxodonta africana,AM107,AM107,ThermochronTracking Elephants Kruger 2007
9421376815,true,2009-08-07 22:00:00.000,31.26611,-25.0438499999999,20,gps,Loxodonta africana,AM107,AM107,ThermochronTracking Elephants Kruger 2007
9421376814,true,2009-08-07 21:30:00.000,31.26499,-25.04212,21,gps,Loxodonta africana,AM107,AM107,ThermochronTracking Elephants Kruger 2007
9421376813,true,2009-08-07 21:00:00.000,31.2654999999999,-25.04221,22,gps,Loxodonta africana,AM107,AM107,ThermochronTracking Elephants Kruger 2007
9421366081,true,2009-08-07 20:30:00.000,31.84029,-24.6944,24,gps,Loxodonta africana,AM105,AM105,ThermochronTracking Elephants Kruger 2007
9421376812,true,2009-08-07 20:30:00.000,31.26142,-25.03957,23,gps,Loxodonta africana,AM107,AM107,ThermochronTracking Elephants Kruger 2007
9421366080,true,2009-08-07 20:00:00.000,31.8400399999999,-24.69441,25,gps,Loxodonta africana,AM105,AM105,ThermochronTracking Elephants Kruger 2007
9421376811,true,2009-08-07 20:00:00.000,31.25981,-25.03778,23,gps,Loxodonta africana,AM107,AM107,ThermochronTracking Elephants Kruger 2007
9421376810,true,2009-08-07 19:30:00.000,31.25824,-25.03669,24,gps,Loxodonta africana,AM107,AM107,ThermochronTracking Elephants Kruger 2007
9421376809,true,2009-08-07 19:00:00.000,31.2569599999999,-25.0365299999999,25,gps,Loxodonta africana,AM107,AM107,ThermochronTracking Elephants Kruger 2007
9421366079,true,2009-08-07 18:30:00.000,31.83755,-24.6988699999999,26,gps,Loxodonta africana,AM105,AM105,ThermochronTracking Elephants Kruger 2007
9421376808,true,2009-08-07 18:30:00.000,31.25625,-25.03778,26,gps,Loxodonta africana,AM107,AM107,ThermochronTracking Elephants Kruger 2007
9421366078,true,2009-08-07 18:00:00.000,31.8401999999999,-24.70054,26,gps,Loxodonta africana,AM105,AM105,ThermochronTracking Elephants Kruger 2007
9421376807,true,2009-08-07 18:00:00.000,31.25822,-25.0404899999999,27,gps,Loxodonta africana,AM107,AM107,ThermochronTracking Elephants Kruger 2007
9421376806,true,2009-08-07 17:30:00.000,31.25936,-25.04191,28,gps,Loxodonta africana,AM107,AM107,ThermochronTracking Elephants Kruger 2007
9421376805,true,2009-08-07 17:00:00.000,31.2603599999999,-25.04326,29,gps,Loxodonta africana,AM107,AM107,ThermochronTracking Elephants Kruger 2007
9421366077,true,2009-08-07 16:30:00.000,31.8414499999999,-24.7061899999999,29,gps,Loxodonta africana,AM105,AM105,ThermochronTracking Elephants Kruger 2007
9421376804,true,2009-08-07 16:30:00.000,31.25946,-25.04456,30,gps,Loxodonta africana,AM107,AM107,ThermochronTracking Elephants Kruger 2007
9421366076,true,2009-08-07 16:00:00.000,31.83967,-24.71554,30,gps,Loxodonta africana,AM105,AM105,ThermochronTracking Elephants Kruger 2007
9421376803,true,2009-08-07 16:00:00.000,31.26056,-25.04641,30,gps,Loxodonta africana,AM107,AM107,ThermochronTracking Elephants Kruger 2007
9421376802,true,2009-08-07 15:30:00.000,31.26123,-25.0479999999999,31,gps,Loxodonta africana,AM107,AM107,ThermochronTracking Elephants Kruger 2007
9421376801,true,2009-08-07 15:00:00.000,31.26209,-25.05009,34,gps,Loxodonta africana,AM107,AM107,ThermochronTracking Elephants Kruger 2007
9421376800,true,2009-08-07 14:30:00.000,31.2612899999999,-25.05093,37,gps,Loxodonta africana,AM107,AM107,ThermochronTracking Elephants Kruger 2007
9421376799,true,2009-08-07 14:00:00.000,31.2546399999999,-25.04909,37,gps,Loxodonta africana,AM107,AM107,ThermochronTracking Elephants Kruger 2007
9421376798,true,2009-08-07 13:31:00.000,31.2534199999999,-25.04974,37,gps,Loxodonta africana,AM107,AM107,ThermochronTracking Elephants Kruger 2007
9421376797,true,2009-08-07 13:00:00.000,31.2535899999999,-25.05092,36,gps,Loxodonta africana,AM107,AM107,ThermochronTracking Elephants Kruger 2007
9421366075,true,2009-08-07 12:30:00.000,31.81869,-24.7192599999999,37,gps,Loxodonta africana,AM105,AM105,ThermochronTracking Elephants Kruger 2007
9421376796,true,2009-08-07 12:30:00.000,31.25315,-25.0520099999999,37,gps,Loxodonta africana,AM107,AM107,ThermochronTracking Elephants Kruger 2007
9421376795,true,2009-08-07 12:02:00.000,31.25316,-25.05198,39,gps,Loxodonta africana,AM107,AM107,ThermochronTracking Elephants Kruger 2007
9421366074,true,2009-08-07 12:00:00.000,31.81775,-24.71796,38,gps,Loxodonta africana,AM105,AM105,ThermochronTracking Elephants Kruger 2007
9421376794,true,2009-08-07 11:30:00.000,31.2527,-25.0522899999999,37,gps,Loxodonta africana,AM107,AM107,ThermochronTracking Elephants Kruger 2007
9421376793,true,2009-08-07 11:00:00.000,31.2512599999999,-25.0530499999999,35,gps,Loxodonta africana,AM107,AM107,ThermochronTracking Elephants Kruger 2007
9421366073,true,2009-08-07 10:30:00.000,31.8160899999999,-24.7181199999999,37,gps,Loxodonta africana,AM105,AM105,ThermochronTracking Elephants Kruger 2007
9421376792,true,2009-08-07 10:30:00.000,31.24895,-25.05396,32,gps,Loxodonta africana,AM107,AM107,ThermochronTracking Elephants Kruger 2007
9421366072,true,2009-08-07 10:00:00.000,31.8156399999999,-24.7199099999999,36,gps,Loxodonta africana,AM105,AM105,ThermochronTracking Elephants Kruger 2007
9421376791,true,2009-08-07 10:00:00.000,31.24906,-25.0543799999999,30,gps,Loxodonta africana,AM107,AM107,ThermochronTracking Elephants Kruger 2007
9421366071,true,2009-08-07 09:30:00.000,31.81531,-24.7192599999999,34,gps,Loxodonta africana,AM105,AM105,ThermochronTracking Elephants Kruger 2007
9421376790,true,2009-08-07 09:30:00.000,31.2487199999999,-25.05552,27,gps,Loxodonta africana,AM107,AM107,ThermochronTracking Elephants Kruger 2007
9421366070,true,2009-08-07 09:00:00.000,31.8080099999999,-24.72475,33,gps,Loxodonta africana,AM105,AM105,ThermochronTracking Elephants Kruger 2007
9421376789,true,2009-08-07 09:00:00.000,31.24916,-25.0563,25,gps,Loxodonta africana,AM107,AM107,ThermochronTracking Elephants Kruger 2007
9421366069,true,2009-08-07 08:30:00.000,31.80911,-24.72673,31,gps,Loxodonta africana,AM105,AM105,ThermochronTracking Elephants Kruger 2007
9421376788,true,2009-08-07 08:30:00.000,31.24912,-25.0567199999999,23,gps,Loxodonta africana,AM107,AM107,ThermochronTracking Elephants Kruger 2007
9421376787,true,2009-08-07 08:00:00.000,31.24921,-25.05751,21,gps,Loxodonta africana,AM107,AM107,ThermochronTracking Elephants Kruger 2007
9421376786,true,2009-08-07 07:30:00.000,31.24914,-25.05732,20,gps,Loxodonta africana,AM107,AM107,ThermochronTracking Elephants Kruger 2007
9421376785,true,2009-08-07 07:00:00.000,31.2488899999999,-25.05685,20,gps,Loxodonta africana,AM107,AM107,ThermochronTracking Elephants Kruger 2007
9421366068,true,2009-08-07 06:30:00.000,31.8030499999999,-24.73317,25,gps,Loxodonta africana,AM105,AM105,ThermochronTracking Elephants Kruger 2007
9421376784,true,2009-08-07 06:30:00.000,31.24832,-25.05725,20,gps,Loxodonta africana,AM107,AM107,ThermochronTracking Elephants Kruger 2007
9421366067,true,2009-08-07 06:00:00.000,31.79964,-24.73402,24,gps,Loxodonta africana,AM105,AM105,ThermochronTracking Elephants Kruger 2007
9421376783,true,2009-08-07 06:00:00.000,31.24776,-25.05752,20,gps,Loxodonta africana,AM107,AM107,ThermochronTracking Elephants Kruger 2007
9421366066,true,2009-08-07 05:31:00.000,31.79768,-24.7352799999999,24,gps,Loxodonta africana,AM105,AM105,ThermochronTracking Elephants Kruger 2007
9421376782,true,2009-08-07 05:30:00.000,31.2475799999999,-25.05826,21,gps,Loxodonta africana,AM107,AM107,ThermochronTracking Elephants Kruger 2007
9421366065,true,2009-08-07 05:00:00.000,31.79729,-24.73508,24,gps,Loxodonta africana,AM105,AM105,ThermochronTracking Elephants Kruger 2007
9421376781,true,2009-08-07 05:00:00.000,31.24689,-25.05875,21,gps,Loxodonta africana,AM107,AM107,ThermochronTracking Elephants Kruger 2007
9421366064,true,2009-08-07 04:30:00.000,31.79607,-24.73523,24,gps,Loxodonta africana,AM105,AM105,ThermochronTracking Elephants Kruger 2007
9421366063,true,2009-08-07 04:00:00.000,31.7954599999999,-24.73553,25,gps,Loxodonta africana,AM105,AM105,ThermochronTracking Elephants Kruger 2007
9421366062,true,2009-08-07 03:32:00.000,31.79447,-24.7352099999999,26,gps,Loxodonta africana,AM105,AM105,ThermochronTracking Elephants Kruger 2007
9421366061,true,2009-08-07 03:00:00.000,31.7941399999999,-24.7348299999999,26,gps,Loxodonta africana,AM105,AM105,ThermochronTracking Elephants Kruger 2007
9421376780,true,2009-08-07 03:00:00.000,31.24682,-25.05882,21,gps,Loxodonta africana,AM107,AM107,ThermochronTracking Elephants Kruger 2007
9421366060,true,2009-08-07 02:30:00.000,31.7941,-24.73488,27,gps,Loxodonta africana,AM105,AM105,ThermochronTracking Elephants Kruger 2007
9421366059,true,2009-08-07 02:01:00.000,31.7941499999999,-24.7349999999999,26,gps,Loxodonta africana,AM105,AM105,ThermochronTracking Elephants Kruger 2007
9421366058,true,2009-08-07 01:30:00.000,31.7931199999999,-24.7340699999999,26,gps,Loxodonta africana,AM105,AM105,ThermochronTracking Elephants Kruger 2007
9421366057,true,2009-08-07 01:01:00.000,31.79322,-24.7342,27,gps,Loxodonta africana,AM105,AM105,ThermochronTracking Elephants Kruger 2007
9421376779,true,2009-08-07 01:00:00.000,31.2429799999999,-25.05927,22,gps,Loxodonta africana,AM107,AM107,ThermochronTracking Elephants Kruger 2007
9421366056,true,2009-08-07 00:30:00.000,31.7941,-24.7340899999999,27,gps,Loxodonta africana,AM105,AM105,ThermochronTracking Elephants Kruger 2007
9421376778,true,2009-08-07 00:30:00.000,31.24273,-25.0588599999999,22,gps,Loxodonta africana,AM107,AM107,ThermochronTracking Elephants Kruger 2007
9421376777,true,2009-08-07 00:00:00.000,31.24097,-25.0583899999999,22,gps,Loxodonta africana,AM107,AM107,ThermochronTracking Elephants Kruger 2007
9421376776,true,2009-08-06 23:30:00.000,31.2403499999999,-25.0583899999999,22,gps,Loxodonta africana,AM107,AM107,ThermochronTracking Elephants Kruger 2007
9421366055,true,2009-08-06 23:00:00.000,31.7952699999999,-24.73263,27,gps,Loxodonta africana,AM105,AM105,ThermochronTracking Elephants Kruger 2007
9421376775,true,2009-08-06 23:00:00.000,31.2388499999999,-25.0580199999999,22,gps,Loxodonta africana,AM107,AM107,ThermochronTracking Elephants Kruger 2007
9421366054,true,2009-08-06 22:30:00.000,31.7948799999999,-24.73261,27,gps,Loxodonta africana,AM105,AM105,ThermochronTracking Elephants Kruger 2007
9421376774,true,2009-08-06 22:30:00.000,31.2374499999999,-25.0568199999999,23,gps,Loxodonta africana,AM107,AM107,ThermochronTracking Elephants Kruger 2007
9421366053,true,2009-08-06 22:00:00.000,31.79477,-24.73252,27,gps,Loxodonta africana,AM105,AM105,ThermochronTracking Elephants Kruger 2007
9421376773,true,2009-08-06 22:00:00.000,31.2372,-25.05433,23,gps,Loxodonta africana,AM107,AM107,ThermochronTracking Elephants Kruger 2007
9421366052,true,2009-08-06 21:30:00.000,31.79457,-24.73265,27,gps,Loxodonta africana,AM105,AM105,ThermochronTracking Elephants Kruger 2007
9421376772,true,2009-08-06 21:30:00.000,31.2371,-25.05228,23,gps,Loxodonta africana,AM107,AM107,ThermochronTracking Elephants Kruger 2007
9421366051,true,2009-08-06 21:00:00.000,31.7942199999999,-24.7328699999999,27,gps,Loxodonta africana,AM105,AM105,ThermochronTracking Elephants Kruger 2007
9421376771,true,2009-08-06 21:00:00.000,31.23553,-25.05054,23,gps,Loxodonta africana,AM107,AM107,ThermochronTracking Elephants Kruger 2007
9421376770,true,2009-08-06 20:30:00.000,31.23478,-25.05037,23,gps,Loxodonta africana,AM107,AM107,ThermochronTracking Elephants Kruger 2007
9421376769,true,2009-08-06 20:00:00.000,31.2330599999999,-25.0516,24,gps,Loxodonta africana,AM107,AM107,ThermochronTracking Elephants Kruger 2007
9421366050,true,2009-08-06 19:01:00.000,31.79407,-24.73328,29,gps,Loxodonta africana,AM105,AM105,ThermochronTracking Elephants Kruger 2007
9421366049,true,2009-08-06 18:01:00.000,31.7941399999999,-24.7332,30,gps,Loxodonta africana,AM105,AM105,ThermochronTracking Elephants Kruger 2007
9421366048,true,2009-08-06 17:30:00.000,31.7941499999999,-24.73325,30,gps,Loxodonta africana,AM105,AM105,ThermochronTracking Elephants Kruger 2007
9421366047,true,2009-08-06 17:00:00.000,31.7946099999999,-24.73327,30,gps,Loxodonta africana,AM105,AM105,ThermochronTracking Elephants Kruger 2007
9421376768,true,2009-08-06 17:00:00.000,31.2257,-25.05348,33,gps,Loxodonta africana,AM107,AM107,ThermochronTracking Elephants Kruger 2007
9421376767,true,2009-08-06 15:30:00.000,31.22699,-25.05275,34,gps,Loxodonta africana,AM107,AM107,ThermochronTracking Elephants Kruger 2007
9421376766,true,2009-08-06 15:00:00.000,31.22765,-25.05256,36,gps,Loxodonta africana,AM107,AM107,ThermochronTracking Elephants Kruger 2007
9421376765,true,2009-08-06 14:30:00.000,31.2283,-25.05245,37,gps,Loxodonta africana,AM107,AM107,ThermochronTracking Elephants Kruger 2007
9421376764,true,2009-08-06 14:00:00.000,31.2285299999999,-25.05264,36,gps,Loxodonta africana,AM107,AM107,ThermochronTracking Elephants Kruger 2007
9421376763,true,2009-08-06 13:31:00.000,31.22819,-25.05345,34,gps,Loxodonta africana,AM107,AM107,ThermochronTracking Elephants Kruger 2007
9421376762,true,2009-08-06 13:00:00.000,31.22981,-25.05946,33,gps,Loxodonta africana,AM107,AM107,ThermochronTracking Elephants Kruger 2007
9421376761,true,2009-08-06 10:30:00.000,31.2313499999999,-25.06294,31,gps,Loxodonta africana,AM107,AM107,ThermochronTracking Elephants Kruger 2007
9421376760,true,2009-08-06 10:00:00.000,31.2300499999999,-25.06557,28,gps,Loxodonta africana,AM107,AM107,ThermochronTracking Elephants Kruger 2007
9421376759,true,2009-08-06 09:32:00.000,31.23027,-25.06624,27,gps,Loxodonta africana,AM107,AM107,ThermochronTracking Elephants Kruger 2007
9421376758,true,2009-08-06 09:00:00.000,31.23189,-25.06625,24,gps,Loxodonta africana,AM107,AM107,ThermochronTracking Elephants Kruger 2007
9421376757,true,2009-08-06 08:30:00.000,31.2317399999999,-25.06799,21,gps,Loxodonta africana,AM107,AM107,ThermochronTracking Elephants Kruger 2007
9421376756,true,2009-08-06 08:00:00.000,31.2344599999999,-25.07035,19,gps,Loxodonta africana,AM107,AM107,ThermochronTracking Elephants Kruger 2007
9421376755,true,2009-08-06 07:30:00.000,31.2362399999999,-25.0714299999999,17,gps,Loxodonta africana,AM107,AM107,ThermochronTracking Elephants Kruger 2007
9421376754,true,2009-08-06 07:00:00.000,31.23748,-25.0704899999999,15,gps,Loxodonta africana,AM107,AM107,ThermochronTracking Elephants Kruger 2007
9421376753,true,2009-08-06 06:30:00.000,31.23843,-25.06943,15,gps,Loxodonta africana,AM107,AM107,ThermochronTracking Elephants Kruger 2007
9421376752,true,2009-08-06 06:00:00.000,31.2388,-25.0691899999999,15,gps,Loxodonta africana,AM107,AM107,ThermochronTracking Elephants Kruger 2007
9421376751,true,2009-08-06 05:30:00.000,31.23994,-25.0683599999999,16,gps,Loxodonta africana,AM107,AM107,ThermochronTracking Elephants Kruger 2007
9421376750,true,2009-08-06 05:00:00.000,31.2404699999999,-25.0681499999999,17,gps,Loxodonta africana,AM107,AM107,ThermochronTracking Elephants Kruger 2007
9421376749,true,2009-08-06 04:30:00.000,31.24061,-25.06743,17,gps,Loxodonta africana,AM107,AM107,ThermochronTracking Elephants Kruger 2007
9421376748,true,2009-08-06 04:00:00.000,31.2405499999999,-25.06736,17,gps,Loxodonta africana,AM107,AM107,ThermochronTracking Elephants Kruger 2007
9421376747,true,2009-08-06 03:30:00.000,31.2405599999999,-25.0673999999999,17,gps,Loxodonta africana,AM107,AM107,ThermochronTracking Elephants Kruger 2007
9421376746,true,2009-08-06 03:00:00.000,31.24051,-25.06739,17,gps,Loxodonta africana,AM107,AM107,ThermochronTracking Elephants Kruger 2007
9421376745,true,2009-08-06 02:30:00.000,31.24051,-25.0674999999999,17,gps,Loxodonta africana,AM107,AM107,ThermochronTracking Elephants Kruger 2007
9421376744,true,2009-08-06 02:01:00.000,31.2403499999999,-25.06748,17,gps,Loxodonta africana,AM107,AM107,ThermochronTracking Elephants Kruger 2007
9421376743,true,2009-08-06 01:30:00.000,31.2406599999999,-25.06736,17,gps,Loxodonta africana,AM107,AM107,ThermochronTracking Elephants Kruger 2007
9421376742,true,2009-08-06 01:00:00.000,31.24118,-25.06738,17,gps,Loxodonta africana,AM107,AM107,ThermochronTracking Elephants Kruger 2007
9421376741,true,2009-08-06 00:30:00.000,31.2413999999999,-25.06711,18,gps,Loxodonta africana,AM107,AM107,ThermochronTracking Elephants Kruger 2007
9421376740,true,2009-08-06 00:00:00.000,31.2411299999999,-25.067,19,gps,Loxodonta africana,AM107,AM107,ThermochronTracking Elephants Kruger 2007
9421376739,true,2009-08-05 23:30:00.000,31.2406299999999,-25.0665499999999,19,gps,Loxodonta africana,AM107,AM107,ThermochronTracking Elephants Kruger 2007
9421376738,true,2009-08-05 23:00:00.000,31.23939,-25.0657099999999,20,gps,Loxodonta africana,AM107,AM107,ThermochronTracking Elephants Kruger 2007
9421376737,true,2009-08-05 22:30:00.000,31.23817,-25.0649699999999,20,gps,Loxodonta africana,AM107,AM107,ThermochronTracking Elephants Kruger 2007
9421376736,true,2009-08-05 22:00:00.000,31.2371699999999,-25.06417,21,gps,Loxodonta africana,AM107,AM107,ThermochronTracking Elephants Kruger 2007
9421376735,true,2009-08-05 21:30:00.000,31.2357799999999,-25.06363,21,gps,Loxodonta africana,AM107,AM107,ThermochronTracking Elephants Kruger 2007
9421376734,true,2009-08-05 21:00:00.000,31.23543,-25.0630999999999,22,gps,Loxodonta africana,AM107,AM107,ThermochronTracking Elephants Kruger 2007
9421376733,true,2009-08-05 20:30:00.000,31.23457,-25.0623399999999,22,gps,Loxodonta africana,AM107,AM107,ThermochronTracking Elephants Kruger 2007
9421376732,true,2009-08-05 20:00:00.000,31.2341599999999,-25.0620599999999,23,gps,Loxodonta africana,AM107,AM107,ThermochronTracking Elephants Kruger 2007
9421376731,true,2009-08-05 19:30:00.000,31.2336999999999,-25.0618799999999,24,gps,Loxodonta africana,AM107,AM107,ThermochronTracking Elephants Kruger 2007
9421376730,true,2009-08-05 19:01:00.000,31.23111,-25.0612199999999,25,gps,Loxodonta africana,AM107,AM107,ThermochronTracking Elephants Kruger 2007
9421376729,true,2009-08-05 18:32:00.000,31.22951,-25.05946,26,gps,Loxodonta africana,AM107,AM107,ThermochronTracking Elephants Kruger 2007
9421376728,true,2009-08-05 18:01:00.000,31.228,-25.0568199999999,28,gps,Loxodonta africana,AM107,AM107,ThermochronTracking Elephants Kruger 2007
9421376727,true,2009-08-05 17:30:00.000,31.2281599999999,-25.05636,29,gps,Loxodonta africana,AM107,AM107,ThermochronTracking Elephants Kruger 2007
9421376726,true,2009-08-05 17:00:00.000,31.22811,-25.05537,31,gps,Loxodonta africana,AM107,AM107,ThermochronTracking Elephants Kruger 2007
9421376725,true,2009-08-05 16:30:00.000,31.22802,-25.05451,33,gps,Loxodonta africana,AM107,AM107,ThermochronTracking Elephants Kruger 2007
9421376724,true,2009-08-05 16:00:00.000,31.2279599999999,-25.0540899999999,37,gps,Loxodonta africana,AM107,AM107,ThermochronTracking Elephants Kruger 2007
9421376723,true,2009-08-05 15:30:00.000,31.2295799999999,-25.0559699999999,37,gps,Loxodonta africana,AM107,AM107,ThermochronTracking Elephants Kruger 2007
9421376722,true,2009-08-05 15:00:00.000,31.2316399999999,-25.05779,36,gps,Loxodonta africana,AM107,AM107,ThermochronTracking Elephants Kruger 2007
9421376721,true,2009-08-05 14:30:00.000,31.2345299999999,-25.05997,36,gps,Loxodonta africana,AM107,AM107,ThermochronTracking Elephants Kruger 2007
9421376720,true,2009-08-05 14:00:00.000,31.23466,-25.05995,37,gps,Loxodonta africana,AM107,AM107,ThermochronTracking Elephants Kruger 2007
9421376719,true,2009-08-05 13:30:00.000,31.23443,-25.0594299999999,38,gps,Loxodonta africana,AM107,AM107,ThermochronTracking Elephants Kruger 2007
9421376718,true,2009-08-05 13:00:00.000,31.2361,-25.0596199999999,38,gps,Loxodonta africana,AM107,AM107,ThermochronTracking Elephants Kruger 2007
9421376717,true,2009-08-05 12:30:00.000,31.24034,-25.06213,36,gps,Loxodonta africana,AM107,AM107,ThermochronTracking Elephants Kruger 2007
9421376716,true,2009-08-05 12:00:00.000,31.24303,-25.0642299999999,36,gps,Loxodonta africana,AM107,AM107,ThermochronTracking Elephants Kruger 2007
9421376715,true,2009-08-05 11:30:00.000,31.2434499999999,-25.06428,35,gps,Loxodonta africana,AM107,AM107,ThermochronTracking Elephants Kruger 2007
9421376714,true,2009-08-05 11:00:00.000,31.24367,-25.0649799999999,34,gps,Loxodonta africana,AM107,AM107,ThermochronTracking Elephants Kruger 2007
9421376713,true,2009-08-05 10:30:00.000,31.24351,-25.06493,34,gps,Loxodonta africana,AM107,AM107,ThermochronTracking Elephants Kruger 2007
9421376712,true,2009-08-05 10:00:00.000,31.2439,-25.06631,31,gps,Loxodonta africana,AM107,AM107,ThermochronTracking Elephants Kruger 2007
9421376711,true,2009-08-05 09:31:00.000,31.2428999999999,-25.0657199999999,28,gps,Loxodonta africana,AM107,AM107,ThermochronTracking Elephants Kruger 2007
9421376710,true,2009-08-05 09:00:00.000,31.24153,-25.06522,24,gps,Loxodonta africana,AM107,AM107,ThermochronTracking Elephants Kruger 2007
9421376709,true,2009-08-05 08:30:00.000,31.24003,-25.06482,21,gps,Loxodonta africana,AM107,AM107,ThermochronTracking Elephants Kruger 2007
9421376708,true,2009-08-05 08:00:00.000,31.23992,-25.0646899999999,18,gps,Loxodonta africana,AM107,AM107,ThermochronTracking Elephants Kruger 2007
9421376707,true,2009-08-05 07:30:00.000,31.2395199999999,-25.0646099999999,17,gps,Loxodonta africana,AM107,AM107,ThermochronTracking Elephants Kruger 2007
9421376706,true,2009-08-05 07:00:00.000,31.23846,-25.0636399999999,16,gps,Loxodonta africana,AM107,AM107,ThermochronTracking Elephants Kruger 2007
9421376705,true,2009-08-05 06:30:00.000,31.24041,-25.0641299999999,16,gps,Loxodonta africana,AM107,AM107,ThermochronTracking Elephants Kruger 2007
9421376704,true,2009-08-05 06:00:00.000,31.2425,-25.06483,16,gps,Loxodonta africana,AM107,AM107,ThermochronTracking Elephants Kruger 2007
9421376703,true,2009-08-05 05:30:00.000,31.24254,-25.06473,16,gps,Loxodonta africana,AM107,AM107,ThermochronTracking Elephants Kruger 2007
9421376702,true,2009-08-05 05:00:00.000,31.24258,-25.06481,16,gps,Loxodonta africana,AM107,AM107,ThermochronTracking Elephants Kruger 2007
9421376701,true,2009-08-05 04:30:00.000,31.2425999999999,-25.06482,16,gps,Loxodonta africana,AM107,AM107,ThermochronTracking Elephants Kruger 2007
9421376700,true,2009-08-05 04:00:00.000,31.24258,-25.0653299999999,16,gps,Loxodonta africana,AM107,AM107,ThermochronTracking Elephants Kruger 2007